City ID,City,Country,Lat,Lng,Max Temp,Humidity,Cloudiness,Wind Speed,Current Description
0,Visby,SE,57.64,18.3,61.0,87,85,21.92,overcast clouds
1,Leshukonskoye,RU,64.9,45.76,37.2,79,0,4.43,clear sky
2,Lata,PT,40.16,-8.33,61.0,91,73,5.99,broken clouds
3,Ambon,ID,-3.7,128.18,87.8,66,40,4.7,scattered clouds
4,Hasaki,JP,35.73,140.83,81.0,73,75,8.05,broken clouds
5,Kupang,ID,-10.17,123.58,95.0,47,20,16.11,few clouds
6,Hongjiang,CN,27.11,110.0,63.61,88,100,5.39,light rain
7,Bluff,NZ,-46.6,168.33,50.0,97,100,1.99,light rain
8,Nanortalik,GL,60.14,-45.24,35.92,83,100,4.83,overcast clouds
9,Yellowknife,CA,62.46,-114.35,46.4,93,20,9.17,few clouds
10,Atuona,PF,-9.8,-139.03,78.35,75,0,22.48,clear sky
11,Kodiak,US,57.79,-152.41,41.0,80,1,3.36,clear sky
12,New Norfolk,AU,-42.78,147.06,50.0,95,100,5.01,overcast clouds
13,Khatanga,RU,71.97,102.5,25.29,97,99,14.0,overcast clouds
14,Bredasdorp,ZA,-34.53,20.04,57.2,87,44,3.36,scattered clouds
15,Narsaq,GL,60.92,-46.05,30.2,68,99,2.24,overcast clouds
16,Pisco,PE,-13.7,-76.22,61.0,82,14,1.12,smoke
17,Novocheremshansk,RU,54.36,50.17,51.48,62,71,9.04,broken clouds
18,Jabinyanah,TN,35.03,10.91,69.8,64,40,4.7,scattered clouds
19,Nha Trang,VN,12.25,109.18,91.4,66,40,8.05,scattered clouds
20,Grasse,FR,43.67,6.92,57.2,67,13,10.29,few clouds
21,Jining,CN,35.41,116.58,62.65,29,100,14.03,overcast clouds
22,Oksfjord,NO,70.24,22.35,50.0,71,1,18.34,clear sky
23,Castro,BR,-24.79,-50.01,59.29,83,87,14.32,overcast clouds
24,Lopsmarka,NO,67.31,14.45,51.8,71,40,20.8,scattered clouds
25,Khandbari,NP,27.37,87.2,78.37,60,98,0.94,overcast clouds
26,Rikitea,PF,-23.12,-134.97,73.62,78,1,17.78,clear sky
27,Jamestown,US,42.1,-79.24,43.0,81,75,3.85,broken clouds
28,Priargunsk,RU,50.37,119.1,45.23,63,100,15.52,overcast clouds
29,Ngaoundere,CM,7.32,13.58,60.8,100,40,1.54,scattered clouds
30,Joshimath,IN,30.57,79.57,72.95,21,0,7.61,clear sky
31,Kutum,SD,14.2,24.67,80.6,40,30,5.93,scattered clouds
32,Lisakovsk,KZ,52.54,62.49,45.16,63,98,15.05,overcast clouds
33,Homestead,US,25.47,-80.48,82.4,83,1,8.05,clear sky
34,Kaitangata,NZ,-46.28,169.85,52.0,82,100,3.0,overcast clouds
35,Port Blair,IN,11.67,92.75,83.43,76,100,11.72,light rain
36,Avarua,CK,-21.21,-159.78,75.2,78,59,5.82,broken clouds
37,Qaanaaq,GL,77.48,-69.36,18.21,91,94,2.39,overcast clouds
38,Butaritari,KI,3.07,172.79,80.83,70,100,3.78,light rain
39,Georgetown,MY,5.41,100.34,87.8,74,40,5.82,scattered clouds
40,Nikolskoye,RU,59.7,30.79,54.0,76,81,11.18,broken clouds
41,Cabo San Lucas,MX,22.89,-109.91,81.0,70,0,1.01,clear sky
42,Ushuaia,AR,-54.8,-68.3,42.8,70,75,20.8,broken clouds
43,Shimoda,JP,34.67,138.95,75.2,78,75,5.82,broken clouds
44,Cockburn Town,TC,21.46,-71.14,83.26,75,96,20.27,overcast clouds
45,Punta Arenas,CL,-53.15,-70.92,44.6,65,75,13.87,broken clouds
46,Saint-Augustin,CA,51.23,-58.65,42.22,72,37,5.48,scattered clouds
47,Porto Novo,BJ,6.5,2.6,78.8,83,40,9.17,scattered clouds
48,Saint-Philippe,RE,-21.36,55.77,78.8,57,40,3.36,scattered clouds
49,San Patricio,MX,19.22,-104.7,76.51,81,0,3.8,clear sky
50,Huarmey,PE,-10.07,-78.15,61.9,87,70,8.03,broken clouds
51,Iqaluit,CA,63.75,-68.51,32.0,95,90,10.29,light snow
52,Busselton,AU,-33.65,115.33,68.0,36,12,13.15,few clouds
53,Albany,US,42.6,-73.97,41.0,100,1,2.39,clear sky
54,Erzin,TR,36.96,36.2,73.99,73,9,1.01,clear sky
55,Hilo,US,19.73,-155.09,78.8,74,40,4.52,scattered clouds
56,South River,US,40.45,-74.39,50.0,76,1,4.65,clear sky
57,Carnarvon,AU,-24.87,113.63,71.6,43,0,25.28,clear sky
58,Upernavik,GL,72.79,-56.15,26.92,92,48,5.46,scattered clouds
59,Danshui,CN,22.8,114.47,90.0,99,27,3.0,scattered clouds
60,Vrangel,RU,42.73,133.08,61.38,75,0,15.32,light rain
61,Tuktoyaktuk,CA,69.45,-133.04,42.8,93,90,9.17,overcast clouds
62,Shahr-E Babak,IR,30.12,55.12,75.78,19,0,3.74,clear sky
63,Singaparna,ID,-7.35,108.11,79.11,71,90,6.91,light rain
64,Bulgan,MN,48.81,103.53,39.36,58,0,4.94,clear sky
65,Klaksvik,FO,62.23,-6.59,55.4,82,100,5.82,overcast clouds
66,Quatre Cocos,MU,-20.21,57.76,77.0,73,75,10.29,shower rain
67,Kapaa,US,22.08,-159.32,82.4,78,40,11.41,scattered clouds
68,Ponta Do Sol,PT,32.67,-17.1,69.8,77,40,11.41,scattered clouds
69,Faya,SA,18.39,42.45,69.8,16,0,5.82,clear sky
70,Rawson,AR,-43.3,-65.1,48.7,50,7,15.43,clear sky
71,Komsomolskiy,UZ,40.43,71.72,66.2,29,78,4.7,broken clouds
72,Sioux Lookout,CA,50.1,-91.92,30.2,92,40,2.24,scattered clouds
73,Puerto El Triunfo,SV,13.28,-88.55,77.0,94,40,1.12,scattered clouds
74,Abu Dhabi,AE,24.47,54.37,89.6,62,0,5.82,clear sky
75,Eganville,CA,45.53,-77.1,45.0,93,90,2.24,overcast clouds
76,Katsuura,JP,35.13,140.3,78.01,73,75,5.82,broken clouds
77,Avera,US,33.19,-82.53,55.4,93,1,4.7,clear sky
78,Puerto Ayora,EC,-0.74,-90.35,64.0,91,9,3.0,clear sky
79,East London,ZA,-33.02,27.91,62.6,93,75,4.7,broken clouds
80,Poum,NC,-20.23,164.02,73.53,70,0,15.5,light rain
81,Galesong,ID,-5.32,119.37,93.2,41,20,10.29,few clouds
82,Mokrousovo,RU,55.81,66.77,38.1,72,13,13.27,few clouds
83,Severo-Kurilsk,RU,50.68,156.12,48.34,84,100,9.98,light rain
84,Darien,US,41.75,-87.97,48.0,100,90,5.82,light rain
85,Souillac,MU,-20.52,57.52,77.0,73,75,10.29,shower rain
86,Port Alfred,ZA,-33.59,26.89,65.07,78,29,14.88,light rain
87,Half Moon Bay,US,37.46,-122.43,66.0,68,1,3.36,clear sky
88,George Town,MY,5.41,100.34,86.0,74,40,5.82,scattered clouds
89,Aklavik,CA,68.22,-135.01,44.6,81,90,4.7,overcast clouds
90,Longyearbyen,SJ,78.22,15.64,35.6,93,75,4.7,broken clouds
91,Mataura,NZ,-46.19,168.86,50.0,97,100,1.99,moderate rain
92,Neiafu,TO,-18.65,-173.98,77.0,88,75,12.75,broken clouds
93,Atambua,ID,-9.11,124.89,85.71,49,54,1.72,broken clouds
94,Sao Mateus Do Maranhao,BR,-4.04,-44.48,74.86,87,60,5.06,broken clouds
95,Kalaleh,IR,37.38,55.49,69.8,49,0,4.61,clear sky
96,Fare,PF,-16.7,-151.02,79.09,74,9,17.2,clear sky
97,San Policarpo,PH,12.18,125.51,84.25,81,91,8.52,light rain
98,Chisinau,MD,47.01,28.86,66.2,88,20,12.75,few clouds
99,Sitka,US,57.05,-135.33,51.8,87,90,6.93,moderate rain
100,Tagusao,PH,9.19,117.81,84.45,73,92,12.24,light rain
101,Bambous Virieux,MU,-20.34,57.76,77.0,73,75,10.29,shower rain
102,Nhulunbuy,AU,-12.23,136.77,84.2,62,90,16.11,overcast clouds
103,Walvis Bay,NA,-22.96,14.51,53.01,81,73,1.12,broken clouds
104,Torbay,CA,47.67,-52.73,55.0,93,90,9.17,overcast clouds
105,Saskylakh,RU,71.92,114.08,25.39,95,100,16.53,overcast clouds
106,Sao Joao Da Barra,BR,-21.64,-41.05,74.82,85,98,12.84,overcast clouds
107,Sorland,NO,67.67,12.69,51.85,77,3,16.89,clear sky
108,Arraial Do Cabo,BR,-22.97,-42.03,72.28,92,95,20.54,light rain
109,Boa Vista,BR,2.82,-60.67,80.6,69,67,3.36,light rain
110,Lorengau,PG,-2.02,147.27,85.35,70,86,9.89,overcast clouds
111,Lere,NG,10.39,8.57,67.93,85,29,3.11,scattered clouds
112,Ribeira Grande,PT,38.52,-28.7,69.48,82,76,11.9,broken clouds
113,Lompoc,US,34.64,-120.46,64.4,82,1,4.7,clear sky
114,Usinsk,RU,65.99,57.53,35.55,82,92,9.95,overcast clouds
115,Kenai,US,60.55,-151.26,46.4,70,1,6.93,light rain
116,Alofi,NU,-19.06,-169.92,77.0,88,100,11.41,overcast clouds
117,Chernyshevskiy,RU,63.01,112.47,34.56,89,99,8.57,overcast clouds
118,Urucui,BR,-7.23,-44.56,74.93,46,3,4.09,clear sky
119,Port Hardy,CA,50.7,-127.42,53.6,100,90,7.87,light rain
120,Isabela,PH,6.71,121.97,87.8,79,75,12.75,broken clouds
121,Chuy,UY,-33.7,-53.46,51.57,76,85,10.89,overcast clouds
122,Aljezur,PT,37.32,-8.8,54.0,95,16,1.99,few clouds
123,Whitianga,NZ,-36.83,175.7,62.01,78,0,8.99,clear sky
124,Daru,PG,-9.08,143.21,80.13,83,87,18.52,light rain
125,Semey,KZ,50.41,80.23,57.2,36,44,6.71,scattered clouds
126,Byron Bay,AU,-28.65,153.62,75.99,56,25,17.22,scattered clouds
127,Barrow,US,71.29,-156.79,33.8,86,90,13.87,mist
128,Marrakesh,MA,31.63,-8.01,59.0,67,0,5.82,clear sky
129,Umm Kaddadah,SD,13.6,26.69,85.08,51,43,13.56,scattered clouds
130,Bairiki,KI,1.33,172.98,84.2,70,75,4.7,broken clouds
131,Wilmington,US,34.23,-77.94,63.0,67,90,10.29,overcast clouds
132,Sambava,MG,-14.27,50.17,77.94,67,88,7.27,overcast clouds
133,Hobart,AU,-42.88,147.33,50.0,93,90,12.75,light intensity drizzle
134,Birao,CF,10.28,22.79,74.62,85,100,1.39,overcast clouds
135,Ariquemes,BR,-9.91,-63.04,73.62,86,57,0.81,broken clouds
136,Bengkulu,ID,-3.8,102.27,86.27,68,100,14.29,overcast clouds
137,Nemuro,JP,43.32,145.57,64.4,88,75,4.7,broken clouds
138,Cidreira,BR,-30.18,-50.21,57.85,88,100,21.32,overcast clouds
139,Mahebourg,MU,-20.41,57.7,77.0,73,75,10.29,shower rain
140,Vila Velha,BR,-20.33,-40.29,73.4,94,40,3.36,scattered clouds
141,Haines Junction,CA,60.75,-137.51,40.6,75,56,4.7,broken clouds
142,Namatanai,PG,-3.67,152.43,82.63,78,71,11.92,moderate rain
143,Ashqelon,IL,31.67,34.57,73.99,69,40,4.7,scattered clouds
144,Hermanus,ZA,-34.42,19.23,61.0,82,17,5.99,few clouds
145,Port Elizabeth,ZA,-33.92,25.57,60.8,100,75,8.05,broken clouds
146,Victoria,HK,22.29,114.16,90.0,70,19,10.0,few clouds
147,Lebu,CL,-37.62,-73.65,42.73,87,0,2.98,clear sky
148,Hithadhoo,MV,-0.6,73.08,83.68,70,87,5.01,moderate rain
149,Kloulklubed,PW,7.04,134.26,87.8,66,75,8.05,broken clouds
150,Disna,BY,55.57,28.2,55.04,73,99,19.35,moderate rain
151,Dinajpur,BD,25.63,88.64,88.88,66,79,3.18,broken clouds
152,Port Hawkesbury,CA,45.62,-61.35,52.0,93,90,5.82,overcast clouds
153,Cape Town,ZA,-33.93,18.42,61.0,93,0,3.36,clear sky
154,Tura,IN,25.52,90.22,84.96,80,84,2.46,broken clouds
155,Vaini,TO,-21.2,-175.2,73.4,94,75,12.75,broken clouds
156,Liku,ID,-0.73,119.89,83.7,63,100,5.19,overcast clouds
157,Benton Harbor,US,42.12,-86.45,48.99,87,90,4.7,heavy intensity rain
158,Fukue,JP,32.69,128.84,75.2,78,75,6.93,broken clouds
159,Leh,IN,34.17,77.58,49.95,33,0,4.79,clear sky
160,Blois,FR,47.58,1.33,50.0,93,36,11.41,light rain
161,Camopi,GF,3.17,-52.32,72.39,97,16,1.52,few clouds
162,Verkhnevilyuysk,RU,63.45,120.32,35.62,84,100,9.46,overcast clouds
163,Xining,CN,36.62,101.77,54.54,39,5,4.74,clear sky
164,Morant Bay,JM,17.88,-76.41,82.4,74,20,17.22,few clouds
165,Port Hedland,AU,-20.32,118.57,84.2,9,42,24.16,scattered clouds
166,Rivadavia,AR,-33.19,-68.46,44.6,70,75,6.93,broken clouds
167,Jaisinghnagar,IN,23.7,81.38,82.81,73,62,6.53,broken clouds
168,Kidal,ML,18.44,1.41,79.27,60,36,8.03,scattered clouds
169,Kroya,ID,-7.63,109.25,83.88,66,77,14.83,broken clouds
170,Hualmay,PE,-11.1,-77.61,61.36,86,80,9.19,broken clouds
171,Udachnyy,RU,66.42,112.4,32.0,93,90,4.47,light snow
172,Christchurch,NZ,-43.53,172.63,55.99,62,37,17.22,scattered clouds
173,Yanam,IN,16.73,82.22,82.4,78,90,6.93,heavy intensity rain
174,Bethel,US,41.37,-73.41,45.0,93,1,3.2,clear sky
175,Shubarkuduk,KZ,49.14,56.49,60.87,49,0,7.05,clear sky
176,Comodoro Rivadavia,AR,-45.87,-67.5,53.6,34,0,12.75,clear sky
177,Moba,CN,33.23,105.02,47.93,72,98,4.43,overcast clouds
178,Umea,SE,63.83,20.26,50.0,93,75,9.17,broken clouds
179,Brae,GB,60.4,-1.35,55.4,82,100,16.11,overcast clouds
180,Sao Filipe,CV,14.9,-24.5,77.85,78,17,10.8,few clouds
181,Awbari,LY,26.59,12.78,82.26,16,11,19.48,few clouds
182,Muroto,JP,33.28,134.15,78.8,69,75,9.17,broken clouds
183,Northam,GB,51.03,-4.22,52.0,85,100,21.99,overcast clouds
184,Paranhos,BR,-23.89,-55.43,67.86,75,0,2.77,clear sky
185,Ranot,TH,7.78,100.32,87.44,61,100,5.66,overcast clouds
186,Namibe,AO,-15.2,12.15,69.62,62,93,5.84,overcast clouds
187,Henties Bay,NA,-22.12,14.28,53.01,91,87,6.49,overcast clouds
188,Darhan,MN,49.49,105.92,44.04,48,0,4.52,clear sky
189,Dalupaon,PH,13.55,122.95,86.29,63,99,3.22,overcast clouds
190,Tiarei,PF,-17.53,-149.33,80.6,61,20,8.05,few clouds
191,Ozorkow,PL,51.96,19.29,64.0,83,94,5.99,overcast clouds
192,Ewa Beach,US,21.32,-158.01,80.6,61,20,4.7,few clouds
193,Hofn,IS,64.25,-15.21,47.77,88,100,2.37,overcast clouds
194,Ahipara,NZ,-35.17,173.17,59.0,68,0,4.99,clear sky
195,Kisangani,CD,0.52,25.2,70.77,98,100,2.28,light rain
196,Ranong,TH,9.97,98.63,86.0,74,40,6.93,light rain
197,Olafsvik,IS,64.89,-23.71,42.58,84,98,8.7,overcast clouds
198,Talara,PE,-4.58,-81.27,64.71,83,99,17.09,overcast clouds
199,Vanderhoof,CA,54.02,-124.02,59.09,75,100,4.12,overcast clouds
200,Beloha,MG,-25.17,45.05,72.01,56,72,13.56,broken clouds
201,Norman Wells,CA,65.28,-126.83,41.0,93,75,4.7,broken clouds
202,Soyaux,FR,45.65,0.2,51.8,93,72,12.75,moderate rain
203,Takoradi,GH,4.88,-1.76,75.25,91,17,5.99,few clouds
204,Madimba,TZ,-10.4,40.33,77.0,83,40,5.26,scattered clouds
205,Scarborough,GB,54.28,-0.4,52.0,94,65,4.0,broken clouds
206,Angoche,MZ,-16.23,39.91,83.21,61,48,2.13,scattered clouds
207,Aksu,CN,41.12,80.26,66.97,25,58,0.65,broken clouds
208,Vendas Novas,PT,38.68,-8.46,61.0,87,75,4.7,broken clouds
209,Coquimbo,CL,-29.95,-71.34,50.0,76,93,3.36,overcast clouds
210,Axim,GH,4.87,-2.24,75.15,91,1,5.06,clear sky
211,Mareeba,AU,-17.0,145.43,80.6,51,75,20.8,broken clouds
212,Ossora,RU,59.24,163.07,42.15,66,36,4.99,scattered clouds
213,Bac Lieu,VN,9.29,105.72,88.45,66,58,14.45,light rain
214,Kavieng,PG,-2.57,150.8,84.11,75,88,9.37,light rain
215,Constitucion,CL,-35.33,-72.42,43.79,72,9,8.16,clear sky
216,Duobao,CN,30.67,112.69,60.01,97,100,16.11,light rain
217,Porto Torres,IT,40.84,8.4,57.2,93,9,1.12,clear sky
218,Petropavlovsk-Kamchatskiy,RU,53.05,158.65,50.0,76,77,13.42,broken clouds
219,Kabanjahe,ID,3.1,98.49,75.0,78,87,1.74,overcast clouds
220,Caravelas,BR,-17.71,-39.25,72.73,89,3,7.11,clear sky
221,Isangel,VU,-19.55,169.27,72.7,76,4,15.1,clear sky
222,Ojinaga,MX,29.57,-104.42,77.0,23,1,10.29,clear sky
223,Quang Ngai,VN,15.12,108.8,89.13,64,100,7.58,moderate rain
224,Soyo,AO,-6.13,12.37,77.0,88,75,6.93,broken clouds
225,Saldanha,ZA,-33.01,17.94,50.0,87,0,1.12,clear sky
226,Grand Gaube,MU,-20.01,57.66,77.0,70,68,3.0,broken clouds
227,Okhotsk,RU,59.38,143.3,50.41,62,23,4.41,few clouds
228,Lodja,CD,-3.48,23.43,73.22,92,71,4.03,broken clouds
229,Mogocha,RU,53.73,119.77,42.1,64,60,9.01,broken clouds
230,Taunggyi,MM,20.78,97.03,78.08,70,79,5.37,light rain
231,Karratha,AU,-20.74,116.85,85.5,13,9,16.67,clear sky
232,Dikson,RU,73.51,80.55,34.84,96,100,27.58,overcast clouds
233,Zhigansk,RU,66.77,123.37,32.9,98,100,13.02,overcast clouds
234,Vostok,RU,46.49,135.88,55.81,45,0,2.28,clear sky
235,Faanui,PF,-16.48,-151.75,78.28,77,40,17.0,scattered clouds
236,Syracuse,IT,37.09,15.28,73.4,88,40,3.36,scattered clouds
237,Viedma,AR,-40.81,-63.0,38.35,77,21,9.64,few clouds
238,Isakly,RU,54.13,51.53,49.75,60,67,11.72,broken clouds
239,Medina Del Campo,ES,41.31,-4.91,50.0,87,75,17.22,broken clouds
240,Kasama,ZM,-10.21,31.18,75.88,34,0,10.38,clear sky
241,Guerrero Negro,MX,27.98,-114.06,76.28,56,0,11.45,clear sky
242,Muncar,ID,-8.43,114.33,84.81,63,65,9.08,broken clouds
243,Bambanglipuro,ID,-7.95,110.28,83.46,66,100,17.63,overcast clouds
244,Katobu,ID,-4.94,122.53,91.33,47,25,3.11,scattered clouds
245,Zhezkazgan,KZ,47.8,67.71,60.8,44,86,6.71,overcast clouds
246,Mandera,KE,3.94,41.87,79.45,65,91,9.98,overcast clouds
247,Bilma,NE,18.69,12.92,88.12,16,3,8.19,clear sky
248,Bogorodskoye,RU,56.55,37.88,53.37,75,81,8.86,broken clouds
249,Nishihara,JP,26.18,127.76,86.0,51,40,11.41,scattered clouds
250,Kurmanayevka,RU,52.51,52.07,55.63,65,8,8.1,clear sky
251,Nioro,GM,13.35,-15.75,74.71,97,40,4.83,scattered clouds
252,Lima,PE,-12.04,-77.03,60.8,87,90,5.82,overcast clouds
253,Yushala,RU,57.08,64.26,37.4,64,75,15.66,broken clouds
254,Vila,PT,42.03,-8.16,51.01,95,100,5.99,overcast clouds
255,Esperance,AU,-33.87,121.9,59.0,82,75,20.8,broken clouds
256,Great Yarmouth,GB,52.61,1.73,51.01,99,30,8.63,scattered clouds
257,Tsabong,BW,-26.02,22.4,64.4,23,0,11.5,clear sky
258,Muros,ES,42.78,-9.06,55.0,88,81,16.58,broken clouds
259,Khandyga,RU,62.67,135.6,35.71,76,32,2.17,scattered clouds
260,Cururupu,BR,-1.83,-44.87,76.44,85,94,5.23,overcast clouds
261,San Javier,ES,37.81,-0.84,61.0,58,0,9.17,clear sky
262,Taoudenni,ML,22.68,-3.98,84.88,17,2,6.24,clear sky
263,San Luis,AR,-33.3,-66.34,51.17,47,60,5.91,broken clouds
264,Wuchang,CN,44.91,127.15,47.34,69,90,19.1,overcast clouds
265,Ipameri,BR,-17.72,-48.16,72.21,29,0,5.99,clear sky
266,Tuatapere,NZ,-46.13,167.68,50.0,97,100,1.99,overcast clouds
267,Rosetta,EG,31.4,30.42,71.6,88,0,5.21,clear sky
268,Japura,ID,-0.32,102.35,93.76,43,93,3.42,overcast clouds
269,Auki,SB,-8.77,160.7,83.52,72,28,3.74,light rain
270,Sirjan,IR,29.45,55.68,76.8,19,0,3.71,clear sky
271,Cranbourne,AU,-38.1,145.28,84.0,40,100,5.99,overcast clouds
272,Fallon,US,39.47,-118.78,63.0,32,1,5.82,clear sky
273,Entebbe,UG,0.06,32.45,69.8,83,75,11.41,broken clouds
274,Thompson,CA,55.74,-97.86,39.2,80,75,6.93,broken clouds
275,Anadyr,RU,64.75,177.48,35.6,74,90,11.18,overcast clouds
276,Dali,CN,25.7,100.18,77.36,51,32,4.34,scattered clouds
277,Hong Gai,VN,20.96,107.09,86.0,79,40,4.7,scattered clouds
278,Fortuna,US,40.6,-124.16,57.0,100,90,2.82,overcast clouds
279,Touros,BR,-5.2,-35.46,71.6,100,75,5.82,mist
280,Ruidoso,US,33.33,-105.67,54.0,52,1,8.05,clear sky
281,Chiredzi,ZW,-21.05,31.67,77.95,55,14,3.74,few clouds
282,Tashla,RU,51.77,52.74,57.4,63,0,10.76,clear sky
283,Raduzhnyy,RU,62.1,77.47,31.68,97,100,15.3,overcast clouds
284,Talnakh,RU,69.49,88.4,30.2,92,75,20.13,broken clouds
285,Pasco,US,28.29,-82.42,72.0,94,100,1.01,overcast clouds
286,Broken Hill,AU,-31.95,141.43,93.2,13,13,24.16,few clouds
287,Lososina,RU,49.0,140.31,58.05,59,55,5.35,light rain
288,Shingu,JP,33.73,135.98,80.6,65,75,5.82,broken clouds
289,Prince Rupert,CA,54.32,-130.32,50.0,100,40,5.82,scattered clouds
290,Puerto Escondido,MX,15.85,-97.07,77.86,79,77,5.26,light rain
291,Moerai,PF,-22.43,-151.33,75.61,78,69,5.57,light rain
292,Kaka,TM,37.35,59.61,72.23,19,0,4.94,clear sky
293,Sterlibashevo,RU,53.44,55.26,46.09,63,61,13.27,broken clouds
294,Terrace,CA,54.52,-128.6,57.2,93,75,5.82,light intensity shower rain
295,Xuddur,SO,4.12,43.89,76.23,70,100,12.26,overcast clouds
296,Carutapera,BR,-1.2,-46.02,78.26,81,26,8.05,scattered clouds
297,Vao,NC,-22.67,167.48,70.07,76,17,26.84,few clouds
298,Ancud,CL,-41.87,-73.82,39.0,74,0,2.24,clear sky
299,Roald,NO,62.58,6.13,55.4,66,1,11.41,clear sky
300,Nueva Germania,PY,-23.9,-56.57,65.52,78,0,3.56,clear sky
301,Oranjemund,NA,-28.55,16.43,57.97,79,0,5.3,clear sky
302,Coro,VE,11.4,-69.67,80.1,78,96,11.21,overcast clouds
303,Dickinson,US,29.46,-95.05,71.01,88,1,6.17,clear sky
304,Pemba,MZ,-12.97,40.52,78.8,88,40,5.82,scattered clouds
305,Clyde River,CA,70.47,-68.59,23.0,79,90,5.82,overcast clouds
306,Padang,ID,-0.95,100.35,84.94,66,81,4.29,broken clouds
307,Jiwani,PK,25.05,61.74,91.96,32,0,10.96,clear sky
308,Shellbrook,CA,53.22,-106.4,42.8,75,40,5.82,light rain
309,Sinnamary,GF,5.38,-52.95,78.94,88,27,9.53,scattered clouds
310,Praia Da Vitoria,PT,38.73,-27.07,69.01,94,75,10.83,broken clouds
311,Itaituba,BR,-4.28,-55.98,75.13,80,5,1.63,clear sky
312,Lagoa,PT,39.05,-27.98,69.78,85,98,15.41,overcast clouds
313,Zeya,RU,53.75,127.27,46.09,63,100,11.52,overcast clouds
314,Binzhou,CN,37.37,118.02,63.0,26,59,3.0,broken clouds
315,Moose Factory,CA,51.26,-80.61,33.8,86,90,4.7,overcast clouds
316,Malibu,US,34.01,-118.81,73.99,99,0,1.99,clear sky
317,Dongsheng,CN,39.82,109.98,40.89,53,0,10.67,clear sky
318,Indaial,BR,-26.9,-49.23,60.01,91,100,2.19,overcast clouds
319,Mar Del Plata,AR,-38.0,-57.56,42.01,75,75,8.05,broken clouds
320,Puerto Narino,CO,-3.77,-70.38,71.69,92,83,0.74,broken clouds
321,Margate,GB,51.38,1.39,50.0,94,100,1.99,light rain
322,San Cristobal,VE,7.77,-72.22,64.42,91,96,1.23,overcast clouds
323,Tarko-Sale,RU,64.92,77.78,35.01,76,100,1.99,very heavy rain
324,Nome,US,64.5,-165.41,44.6,87,90,6.93,overcast clouds
325,Warrington,GB,53.39,-2.58,52.0,93,75,6.93,broken clouds
326,Surt,LY,31.21,16.59,87.1,23,0,20.18,clear sky
327,Lavrentiya,RU,65.58,-171.0,34.88,86,96,12.73,overcast clouds
328,Ajdabiya,LY,30.76,20.23,84.51,24,0,18.07,clear sky
329,Dondo,MZ,-19.61,34.74,73.4,94,20,3.36,mist
330,Chokurdakh,RU,70.63,147.92,31.51,91,76,9.44,broken clouds
331,Airai,TL,-8.93,125.41,74.14,58,88,4.03,overcast clouds
332,Kirkuk,IQ,35.47,44.39,88.66,16,2,2.59,clear sky
333,Biak,ID,-0.91,122.88,82.72,71,100,4.94,moderate rain
334,Ketchikan,US,55.34,-131.65,53.6,100,75,4.7,broken clouds
335,Coihaique,CL,-45.58,-72.07,35.6,64,18,3.36,few clouds
336,Haimen,CN,23.19,116.61,89.6,59,20,4.47,few clouds
337,Riverton,US,40.52,-111.94,57.99,38,0,2.01,clear sky
338,Labuhan,ID,-6.88,112.21,90.34,48,95,7.76,overcast clouds
339,Mayo,US,38.89,-76.51,55.4,100,1,5.82,clear sky
340,Grindavik,IS,63.84,-22.43,39.2,100,90,16.11,light intensity drizzle
341,Khani,GE,41.96,42.96,60.8,93,40,1.12,scattered clouds
342,Zavodouspenskoye,RU,56.86,65.02,37.4,64,75,15.66,broken clouds
343,Richards Bay,ZA,-28.78,32.04,67.46,92,100,12.5,moderate rain
344,Tasiilaq,GL,65.61,-37.64,32.0,82,89,2.24,overcast clouds
345,Ugoofaaru,MV,5.67,73.0,82.29,74,28,10.2,scattered clouds
346,Deputatskiy,RU,69.3,139.9,25.45,94,56,10.76,broken clouds
347,Meulaboh,ID,4.14,96.13,87.4,59,96,10.47,overcast clouds
348,Necochea,AR,-38.55,-58.74,35.01,82,0,3.0,clear sky
349,Lasa,IT,46.62,10.7,50.0,100,90,5.82,overcast clouds
350,Waipawa,NZ,-41.41,175.52,60.8,72,23,24.16,few clouds
351,Kismayo,SO,-0.36,42.55,81.75,71,100,11.81,overcast clouds
352,Geraldton,AU,-28.77,114.6,68.0,37,0,19.46,clear sky
353,Hamilton,US,39.18,-84.53,55.4,87,90,3.83,overcast clouds
354,Alice Springs,AU,-23.7,133.88,86.0,33,40,18.34,light rain
355,Pevek,RU,69.7,170.31,33.78,88,98,14.67,overcast clouds
356,Luvianos,MX,18.92,-100.4,60.31,95,52,2.77,broken clouds
357,Anyama,CI,5.49,-4.05,77.0,94,20,5.82,few clouds
358,Morondava,MG,-20.28,44.28,82.15,62,1,5.37,clear sky
359,Manaus,BR,-3.1,-60.02,80.6,83,12,1.12,few clouds
360,Bet Shemesh,IL,31.75,34.99,73.99,84,8,2.86,clear sky
361,Kahului,US,20.89,-156.47,80.6,61,40,17.22,scattered clouds
362,Lazaro Cardenas,MX,17.96,-102.2,76.17,81,0,4.52,clear sky
363,Havelock,US,34.88,-76.9,64.0,72,75,12.75,broken clouds
364,Bilibino,RU,68.05,166.44,25.74,95,94,3.24,overcast clouds
365,Egvekinot,RU,66.32,-179.17,27.55,93,76,5.91,broken clouds
366,Salinas,US,36.68,-121.66,71.01,82,1,6.93,clear sky
367,Galle,LK,6.04,80.22,81.91,79,62,15.23,light rain
368,Kotido,UG,2.98,34.13,76.3,50,7,17.58,clear sky
369,Gejiu,CN,23.31,103.16,70.41,81,82,5.79,broken clouds
370,Tomatlan,MX,19.93,-105.25,71.98,80,0,3.27,clear sky
371,Marawi,PH,8.0,124.29,86.0,76,56,8.01,broken clouds
372,Mus,TR,39.0,41.75,53.6,32,0,2.24,clear sky
373,Tazovskiy,RU,67.47,78.7,34.02,87,100,21.92,overcast clouds
374,Yerbogachen,RU,61.28,108.01,37.33,80,98,7.09,overcast clouds
375,Glubczyce,PL,50.2,17.83,61.0,90,100,10.63,moderate rain
376,Dingle,PH,11.0,122.67,86.25,74,67,3.18,broken clouds
377,Morris,US,40.83,-74.53,44.01,93,1,3.56,clear sky
378,Tottori,JP,35.5,134.23,75.2,73,75,4.7,broken clouds
379,Los Llanos De Aridane,ES,28.66,-17.92,71.6,88,90,11.41,overcast clouds
380,Cherskiy,RU,68.75,161.3,31.71,88,63,8.37,broken clouds
381,Tambura,SS,5.6,27.47,73.24,89,88,1.97,overcast clouds
382,Carballo,ES,43.21,-8.69,57.2,82,20,11.41,few clouds
383,Wanaka,NZ,-44.7,169.15,57.7,65,73,10.47,broken clouds
384,Montrose,US,38.42,-108.27,53.6,32,1,10.29,clear sky
385,Leningradskiy,RU,69.38,178.42,30.42,95,100,11.83,overcast clouds
386,Watsa,CD,3.04,29.54,68.23,95,82,2.37,broken clouds
387,Yulara,AU,-25.24,130.99,66.2,72,90,19.46,overcast clouds
388,Beruwala,LK,6.48,79.98,83.25,75,58,13.44,light rain
389,Anloga,GH,5.79,0.9,77.0,88,20,4.7,few clouds
390,Port Lincoln,AU,-34.73,135.87,50.72,84,100,26.37,heavy intensity rain
391,Sept-Iles,CA,50.2,-66.38,41.0,75,75,4.7,broken clouds
392,Port-Gentil,GA,-0.72,8.78,78.8,88,75,10.29,broken clouds
393,Jalu,LY,29.03,21.55,83.21,28,0,13.2,clear sky
394,Kandrian,PG,-6.22,149.55,83.61,75,27,11.9,scattered clouds
395,Coari,BR,-4.08,-63.14,74.43,92,30,2.08,scattered clouds
396,Kruisfontein,ZA,-34.0,24.73,59.0,97,65,2.82,broken clouds
397,Jeremie,HT,18.65,-74.12,79.21,75,90,5.19,overcast clouds
398,Bow Island,CA,49.87,-111.37,59.0,41,1,11.41,clear sky
399,Honningsvag,NO,70.98,25.97,47.37,80,1,8.34,clear sky
400,Port-De-Bouc,FR,43.4,4.98,55.4,81,77,3.36,broken clouds
401,Jardim,BR,-21.48,-56.14,73.58,60,3,5.1,clear sky
402,Mirebalais,HT,18.83,-72.11,78.8,78,75,16.11,broken clouds
403,Opportunity,US,47.65,-117.24,57.2,71,1,3.36,clear sky
404,Paslek,PL,54.06,19.66,63.0,80,46,4.0,scattered clouds
405,Brookhaven,US,31.58,-90.44,54.0,87,0,1.81,clear sky
406,Maldonado,UY,-34.67,-54.92,48.0,93,40,5.82,mist
407,Shasta Lake,US,40.68,-122.37,71.6,40,1,5.37,smoke
408,Arona,ES,28.1,-16.68,73.99,83,75,5.82,broken clouds
409,Teguise,ES,29.06,-13.56,69.8,88,75,11.41,broken clouds
410,Dohrighat,IN,26.26,83.52,86.0,94,75,2.24,mist
411,Kurchum,KZ,48.57,83.65,59.61,32,0,8.61,clear sky
412,Palmer,US,42.16,-72.33,39.99,100,1,1.66,clear sky
413,Madang,PG,-5.22,145.8,84.7,67,41,7.0,scattered clouds
414,Ilulissat,GL,69.22,-51.1,30.2,80,100,3.36,light shower snow
415,Aksarka,RU,66.56,67.8,36.72,77,92,10.07,overcast clouds
416,Killybegs,IE,54.63,-8.45,51.01,83,92,8.99,moderate rain
417,Jinchang,CN,38.5,102.17,49.68,41,33,10.78,scattered clouds
418,Canoa,DO,18.36,-71.16,75.0,85,82,1.83,light rain
419,Mount Gambier,AU,-37.83,140.77,51.8,93,90,16.11,light rain
420,Purpe,RU,64.48,76.69,35.01,76,100,1.99,overcast clouds
421,Clarence Town,AU,-32.58,151.78,82.4,42,4,14.99,clear sky
422,Challans,FR,46.84,-1.87,53.01,93,77,6.93,light rain
423,Orangeburg,US,33.49,-80.86,60.01,82,1,5.82,clear sky
424,Kiruna,SE,67.86,20.23,42.8,93,80,3.36,broken clouds
425,Kailua,US,21.4,-157.74,80.6,69,20,5.82,few clouds
426,Tigil,RU,57.8,158.67,45.0,64,97,3.8,overcast clouds
427,Saint George,US,37.1,-113.58,72.0,9,1,4.7,clear sky
428,Altay,CN,47.87,88.12,52.84,40,0,5.46,clear sky
429,Jammalamadugu,IN,14.83,78.4,84.2,70,40,13.87,scattered clouds
430,Husavik,IS,66.04,-17.34,37.4,100,90,3.36,drizzle
431,Onda,ES,39.97,-0.25,53.01,81,0,2.24,clear sky
432,Samur,RU,41.83,48.49,69.44,43,65,6.44,broken clouds
433,Moree,AU,-29.47,149.85,86.0,17,0,14.99,clear sky
434,North Bend,US,43.41,-124.22,57.99,100,90,10.29,mist
435,Olinda,BR,-8.01,-34.86,77.0,78,40,8.05,scattered clouds
436,Seydi,TM,39.48,62.91,70.3,21,17,5.77,few clouds
437,Provideniya,RU,64.38,-173.3,34.9,84,67,9.22,broken clouds
438,Poopo,BO,-18.37,-66.97,44.89,70,2,4.63,clear sky
439,Riyadh,SA,24.69,46.72,86.0,28,0,4.7,clear sky
440,Vangaindrano,MG,-23.35,47.6,70.3,90,95,8.61,light rain
441,Vietri Sul Mare,IT,40.67,14.73,61.0,51,31,1.99,scattered clouds
442,Port Augusta,AU,-32.5,137.77,66.0,93,90,17.22,light rain
443,Santa Vitoria,BR,-18.84,-50.12,80.71,26,25,4.74,scattered clouds
444,Adjumani,UG,3.38,31.79,71.83,89,45,4.09,scattered clouds
445,Huangchuan,CN,32.13,115.04,62.56,60,100,10.33,light rain
446,Bakchar,RU,57.02,82.07,43.48,94,100,6.55,light rain
447,Kazachinskoye,RU,57.7,93.28,49.41,62,100,7.58,overcast clouds
448,Kintinku,TZ,-5.88,35.23,68.0,72,20,11.41,few clouds
449,Colgong,IN,25.27,87.22,87.26,67,96,5.57,overcast clouds
450,Clinton,US,42.59,-82.92,53.01,71,75,6.93,broken clouds
451,Ingraj Bazar,IN,25.0,88.15,89.11,65,82,5.68,broken clouds
452,Chilca,PE,-12.52,-76.74,60.8,87,90,5.82,overcast clouds
453,Am Timan,TD,11.03,20.28,74.84,84,99,1.7,overcast clouds
454,Whitehorse,CA,60.72,-135.05,42.8,75,75,13.87,broken clouds
455,Ishikari,JP,43.24,141.35,64.4,72,75,5.82,moderate rain
456,Ola,RU,59.58,151.28,46.9,74,98,1.23,overcast clouds
457,Aripuana,BR,-9.17,-60.63,73.99,84,33,2.68,scattered clouds
458,Izumo,JP,35.37,132.77,78.8,65,40,11.41,scattered clouds
459,Piacabucu,BR,-10.41,-36.43,72.97,88,85,7.36,overcast clouds
460,Wundanyi,KE,-3.4,38.36,68.09,57,52,4.85,broken clouds
461,Kyra,RU,49.58,111.98,42.37,57,0,10.49,clear sky
462,Xinqing,CN,48.23,129.5,46.44,84,80,7.31,moderate rain
463,Ostrovnoy,RU,68.05,39.51,43.61,87,47,18.92,scattered clouds
464,Kirkwall,GB,58.98,-2.96,55.4,87,100,18.34,overcast clouds
465,Denpasar,ID,-8.65,115.22,78.8,100,40,5.82,scattered clouds
466,Kiunga,PG,-6.12,141.29,90.1,61,98,3.67,overcast clouds
467,Novomikhaylovskiy,RU,44.26,38.86,67.73,65,7,6.35,clear sky
468,Kinablangan,PH,7.69,126.55,85.64,73,23,6.33,light rain
469,Sabha,LY,27.04,14.43,80.89,16,55,13.15,broken clouds
470,Kuusamo,FI,65.97,29.18,42.8,100,90,6.93,overcast clouds
471,San Carlos,VE,9.66,-68.58,72.36,91,92,2.39,overcast clouds
472,Kavali,IN,14.92,79.98,84.2,61,100,16.93,overcast clouds
473,Mariental,NA,-24.63,17.97,61.18,26,2,4.68,clear sky
474,Nara,JP,34.69,135.8,84.0,57,75,3.36,broken clouds
475,Dunmore Town,BS,25.5,-76.65,83.17,79,62,20.29,broken clouds
476,Russell,US,32.35,-85.2,60.8,93,1,4.7,clear sky
477,Bonavista,CA,48.65,-53.11,48.99,88,97,5.01,overcast clouds
478,Lucapa,AO,-8.42,20.74,74.91,74,37,1.52,scattered clouds
479,Nuuk,GL,64.18,-51.72,28.4,92,25,5.82,scattered clouds
480,Saint-Denis,FR,48.92,2.33,48.99,87,75,14.99,broken clouds
481,Keelung,TW,25.13,121.74,95.0,56,20,9.17,few clouds
482,Rocha,UY,-34.48,-54.33,45.12,87,55,5.66,broken clouds
483,Farafangana,MG,-22.82,47.83,71.37,87,98,3.62,light rain
484,Xam Nua,LA,20.42,104.04,77.92,87,68,1.45,broken clouds
485,Chapeltique,SV,13.63,-88.27,73.81,92,100,2.28,overcast clouds
486,Hirado,JP,33.36,129.55,80.6,57,75,5.82,broken clouds
487,Rio Grande,BR,-32.03,-52.1,55.99,78,86,5.01,overcast clouds
488,Pucallpa,PE,-8.38,-74.55,72.34,92,94,1.16,overcast clouds
489,Luderitz,NA,-26.65,15.16,58.91,66,0,7.61,clear sky
490,Tiksi,RU,71.69,128.87,24.91,95,87,19.06,overcast clouds
491,Santa Isabel,BR,-23.32,-46.22,68.0,88,75,9.17,broken clouds
492,Dangara,IN,29.68,75.89,95.32,15,0,3.04,clear sky
493,Arusha,TZ,-3.37,36.68,64.4,82,20,5.5,few clouds
494,Bogalusa,US,30.79,-89.85,55.4,87,1,3.38,clear sky
495,Labelle,US,26.76,-81.44,75.2,94,100,5.82,overcast clouds
496,Sechura,PE,-5.56,-80.82,64.49,80,94,9.6,overcast clouds
497,Wenling,CN,28.37,121.36,87.01,79,65,1.99,broken clouds
498,Unguia,CO,8.04,-77.09,74.1,93,100,4.23,light rain
499,Tapes,BR,-30.67,-51.4,57.4,86,100,15.68,overcast clouds
500,Mvomero,TZ,-6.25,38.67,80.6,78,20,5.82,few clouds
501,Batticaloa,LK,7.71,81.69,89.71,50,83,3.58,broken clouds
502,Berdigestyakh,RU,62.1,126.7,37.33,75,10,7.29,clear sky
503,Ratlam,IN,23.32,75.07,85.68,45,89,7.0,overcast clouds
504,Nouakchott,MR,18.09,-15.98,77.0,73,0,8.05,clear sky
505,Palauig,PH,15.44,119.9,85.33,68,52,5.91,broken clouds
506,San Jose,US,37.34,-121.89,72.0,64,40,3.36,smoke
507,Stabat,ID,3.76,98.45,86.45,73,59,5.1,broken clouds
508,Bathsheba,BB,13.22,-59.52,80.6,83,40,17.22,scattered clouds
509,Sao Jose Da Coroa Grande,BR,-8.9,-35.15,73.51,84,54,6.11,broken clouds
510,Mezen,RU,65.85,44.24,36.57,81,0,6.64,clear sky
511,Dudinka,RU,69.41,86.18,30.2,92,75,20.13,broken clouds
512,Antofagasta,CL,-23.65,-70.4,55.4,82,90,12.75,overcast clouds
513,Baoding,CN,38.85,115.49,65.86,24,0,4.29,clear sky
514,San Rafael,AR,-34.62,-68.33,42.91,73,99,11.05,overcast clouds
515,Najran,SA,17.49,44.13,75.2,22,0,9.17,clear sky
516,Wanning,CN,18.8,110.4,86.32,68,62,7.76,broken clouds
517,Barcarena,BR,-1.51,-48.63,75.2,94,74,1.12,broken clouds
518,Itarema,BR,-2.92,-39.92,77.97,81,28,15.05,scattered clouds
519,Greci,RO,45.18,28.23,68.0,88,20,9.17,few clouds
520,Fairview,US,40.81,-74.0,60.8,62,1,4.7,clear sky
521,Changji,CN,44.02,87.32,64.4,22,63,4.47,broken clouds
522,Hambantota,LK,6.12,81.12,88.39,58,73,22.75,broken clouds
523,Vanavara,RU,60.34,102.28,38.59,89,99,7.87,overcast clouds
524,Requena,ES,39.49,-1.1,46.0,75,5,5.01,clear sky
525,Gamba,GA,-2.65,10.0,77.23,87,100,7.0,light rain
526,Batagay,RU,67.63,134.63,37.02,70,95,10.29,overcast clouds
527,Berlevag,NO,70.86,29.09,44.64,82,28,13.35,scattered clouds
528,Charters Towers,AU,-20.1,146.27,81.72,33,31,20.27,scattered clouds
529,Asau,RO,46.43,26.4,55.99,83,39,3.87,scattered clouds
530,Kaspiysk,RU,42.88,47.64,69.8,64,82,15.66,broken clouds
531,Westhoughton,GB,53.55,-2.52,52.0,99,100,4.0,overcast clouds
532,Celestun,MX,20.87,-90.4,78.96,83,100,22.82,light rain
533,Porbandar,IN,21.64,69.61,85.32,62,1,8.05,clear sky
534,Tabou,CI,4.42,-7.35,76.26,87,51,8.97,broken clouds
535,Libertador General San Martin,AR,-23.81,-64.79,55.53,57,87,1.63,overcast clouds
536,Miranda,CO,3.25,-76.23,69.8,94,75,6.93,shower rain
537,Mezdra,BG,43.15,23.7,53.6,87,51,2.24,broken clouds
538,Murray Bridge,AU,-35.12,139.27,55.0,90,91,20.04,heavy intensity rain
539,Shilka,RU,51.85,116.03,47.19,53,62,7.78,broken clouds
540,Korla,CN,41.76,86.15,65.82,22,0,6.33,clear sky
541,Suoyarvi,RU,62.08,32.35,48.85,86,97,7.72,overcast clouds
542,Beinamar,TD,8.67,15.38,74.12,91,100,3.18,overcast clouds
543,Portland,US,45.52,-122.68,63.0,87,1,6.93,clear sky
544,Nantucket,US,41.28,-70.1,62.55,62,0,7.87,clear sky
545,Flinders,AU,-34.58,150.86,79.0,59,11,7.0,few clouds
546,Ouidah,BJ,6.36,2.09,78.8,83,40,9.17,scattered clouds
547,Tual,ID,-5.67,132.75,77.49,91,100,14.99,moderate rain
548,Sheridan,US,44.83,-106.92,41.0,45,1,3.36,clear sky
549,Antalaha,MG,-14.9,50.28,78.69,64,59,5.5,broken clouds
550,Carauari,BR,-4.88,-66.9,72.84,93,78,1.74,broken clouds
551,Polson,US,47.69,-114.16,52.0,85,0,2.77,clear sky
552,Teya,RU,60.38,92.63,46.2,81,100,12.8,overcast clouds
553,Miles City,US,46.41,-105.84,46.4,61,1,3.36,clear sky
554,Luangwa,ZM,-15.62,30.42,84.94,38,8,8.03,clear sky
555,Pringsewu,ID,-5.36,104.97,86.05,69,94,4.41,overcast clouds
556,Tanout,NE,14.97,8.89,80.17,57,3,6.55,clear sky
557,Semnan,IR,35.57,53.4,76.15,21,8,6.53,clear sky
558,Ipixuna,BR,-1.76,-48.8,75.2,94,55,1.12,broken clouds
559,Kijang,KR,35.24,129.21,78.8,50,75,8.05,broken clouds
560,Nadym,RU,65.53,72.52,35.02,84,87,22.68,overcast clouds
561,Guabito,PA,9.5,-82.62,77.63,84,84,2.62,broken clouds
562,Amazar,RU,53.86,120.88,43.56,61,16,10.02,few clouds
563,Kampene,CD,-3.6,26.67,73.8,89,9,2.17,clear sky
564,Valka,LV,57.78,26.01,54.0,88,100,13.0,overcast clouds
565,Sarkand,KZ,45.41,79.92,62.01,29,76,10.6,broken clouds
566,San Carlos De Bariloche,AR,-41.15,-71.31,37.0,80,75,3.36,broken clouds
567,Lichuan,CN,30.3,108.85,56.03,98,100,2.62,overcast clouds
568,Malartic,CA,48.13,-78.13,35.6,100,90,2.24,overcast clouds
569,Yaan,NG,7.38,8.57,73.22,99,99,4.72,light rain
570,Ozuluama,MX,21.67,-97.85,68.04,89,0,1.83,clear sky
571,Aykhal,RU,66.0,111.5,32.0,94,90,4.47,light snow
572,Doha,QA,25.29,51.53,96.01,63,0,5.82,clear sky
573,Anuradhapura,LK,8.36,80.42,91.22,45,64,17.11,broken clouds
574,La Rochelle,FR,46.17,-1.15,53.6,81,75,11.41,broken clouds
575,Ternate,ID,0.8,127.4,83.95,73,75,9.37,moderate rain
576,Envira,BR,-7.3,-70.22,70.05,97,99,1.23,light rain
577,Notodden,NO,59.56,9.26,55.0,90,100,1.99,light rain
578,Norfolk,US,42.17,-71.25,48.99,81,9,10.29,clear sky
579,Naze,JP,28.37,129.48,84.2,66,40,10.29,scattered clouds
580,Cotonou,BJ,6.37,2.42,78.8,83,40,9.17,scattered clouds
581,Kamenka,RU,51.32,42.77,59.56,49,85,7.25,overcast clouds
582,Kumluca,TR,36.37,30.29,82.67,29,0,2.48,clear sky
583,Sussex,US,41.18,-74.67,42.8,93,1,2.33,mist
584,Baykit,RU,61.67,96.37,41.49,87,100,5.97,overcast clouds
585,Novotroitskaya,RU,45.33,41.53,55.4,93,75,8.95,broken clouds
586,Broome,US,42.25,-75.83,41.0,80,20,2.1,few clouds
587,Sisimiut,GL,66.94,-53.67,27.43,89,0,7.27,clear sky
588,Kharovsk,RU,59.96,40.19,48.22,87,84,6.44,broken clouds
589,Gangapur,IN,26.48,76.72,93.27,19,0,1.63,clear sky
590,Stokmarknes,NO,68.56,14.91,52.0,80,0,1.99,clear sky
591,Tuscaloosa,US,33.21,-87.57,53.6,93,1,2.44,clear sky
592,Bandundu,CD,-3.32,17.37,77.56,83,86,0.49,light rain
593,Pontes E Lacerda,BR,-15.23,-59.34,79.11,49,53,3.24,broken clouds
594,Den Helder,NL,52.96,4.76,52.0,93,75,9.17,broken clouds
595,Affery,CI,6.32,-3.96,69.21,98,30,1.43,scattered clouds
596,Yar-Sale,RU,66.83,70.83,36.21,76,15,17.98,few clouds
597,Samoded,RU,63.61,40.51,39.27,86,1,6.26,clear sky
598,Saint-Joseph,RE,-21.37,55.62,78.8,57,40,3.36,scattered clouds
599,Ballina,AU,-28.87,153.57,77.0,56,24,17.22,few clouds
600,Krasnyy Klyuch,RU,55.39,56.65,44.69,59,49,10.85,scattered clouds
601,Waingapu,ID,-9.66,120.26,85.77,56,61,11.97,broken clouds
602,Adrar,MR,20.5,-10.07,81.66,46,98,8.1,overcast clouds
603,Natal,BR,-5.79,-35.21,71.6,100,75,5.82,mist
604,Sfantu Gheorghe,RO,45.87,25.78,52.0,74,35,17.0,scattered clouds
605,Sarti,GR,40.1,23.98,72.18,75,11,4.72,few clouds
606,Ratnagiri,IN,16.98,73.3,82.45,78,77,9.82,light rain
607,Tarakan,ID,3.3,117.63,84.4,69,99,6.02,overcast clouds
608,Lodwar,KE,3.12,35.6,86.36,39,1,14.97,clear sky
609,Snyder,US,32.72,-100.92,64.4,39,1,12.75,clear sky
610,Chhabra,IN,24.67,76.83,89.35,36,72,9.4,broken clouds
611,Sumbe,AO,-11.21,13.84,71.65,89,45,1.01,light rain
612,Shestakovo,RU,56.49,103.96,42.8,61,80,6.53,broken clouds
613,Saint-Louis,SN,16.33,-15.0,81.1,70,8,16.17,light rain
614,Wairoa,NZ,-39.03,177.37,68.0,59,2,1.01,clear sky
615,College,US,64.86,-147.8,46.4,75,75,3.36,broken clouds
616,Mehamn,NO,71.04,27.85,43.83,84,10,9.1,clear sky
617,Sistranda,NO,63.73,8.83,55.4,71,20,20.8,few clouds
618,Antsohihy,MG,-14.88,47.99,92.66,39,41,3.09,scattered clouds
619,Jacqueville,CI,5.21,-4.41,77.0,94,20,5.82,few clouds
620,Jaque,PA,7.52,-78.17,76.84,86,100,3.49,moderate rain
621,Falmouth,GB,50.15,-5.07,51.8,81,86,16.11,overcast clouds
622,Tupik,RU,54.43,119.93,41.5,65,19,9.62,few clouds
623,Opuwo,NA,-18.06,13.84,73.4,20,73,2.01,broken clouds
624,Nakasongola,UG,1.31,32.46,71.62,80,68,4.76,broken clouds
625,Bayji,IQ,34.93,43.49,89.28,12,0,10.04,clear sky
626,Nurobod,UZ,40.91,69.8,69.8,28,1,2.24,clear sky
627,Srednekolymsk,RU,67.45,153.68,33.84,82,20,5.37,few clouds
628,Saint-Francois,FR,46.42,3.91,50.0,76,90,8.05,overcast clouds
629,Dargaville,NZ,-35.93,173.88,58.08,73,0,4.76,clear sky
630,Gizo,SB,-8.1,156.84,83.64,72,84,5.79,broken clouds
631,Ritchie,ZA,-29.04,24.6,59.0,30,0,1.12,clear sky
632,Malindi,KE,-3.22,40.12,77.0,88,40,11.41,scattered clouds
633,Bubaque,GW,11.28,-15.83,80.64,78,99,9.55,overcast clouds
634,Severo-Yeniseyskiy,RU,60.37,93.04,43.48,86,100,12.39,overcast clouds
635,Camacha,PT,33.08,-16.33,68.0,88,40,10.29,scattered clouds
636,Steinbach,DE,50.17,8.57,54.0,71,75,12.75,broken clouds
637,Nichinan,JP,31.6,131.37,80.6,69,20,9.17,few clouds
638,Beringovskiy,RU,63.05,179.32,33.46,93,100,13.44,overcast clouds
639,Monopoli,IT,40.96,17.29,68.0,77,40,5.82,scattered clouds
640,Abu Zabad,SD,12.35,29.25,80.55,66,84,9.57,broken clouds
641,Virginia Beach,US,36.85,-75.98,62.6,71,40,9.78,scattered clouds
642,Koumac,NC,-20.57,164.28,74.25,65,4,18.95,clear sky
643,Ahar,IR,38.48,47.07,58.44,66,100,5.84,light rain
644,Kulhudhuffushi,MV,6.62,73.07,81.99,73,95,11.79,overcast clouds
645,Wanlaweyn,SO,2.62,44.89,81.88,69,88,11.05,overcast clouds
646,Galveston,US,29.37,-94.97,75.0,64,1,8.05,clear sky
647,Chulman,RU,56.85,124.91,38.01,70,86,10.47,overcast clouds
648,Fort Nelson,CA,58.81,-122.7,42.8,100,40,3.51,scattered clouds
649,Lixourion,GR,38.2,20.43,71.6,88,20,23.38,few clouds
650,Tpig,RU,41.78,47.59,52.86,54,89,4.52,overcast clouds
651,Jaisalmer,IN,26.91,70.92,95.67,21,0,13.0,clear sky
652,Kirensk,RU,57.79,108.11,43.25,58,62,7.38,broken clouds
653,Sahiwal,PK,31.97,72.33,96.03,11,0,2.04,clear sky
654,Omsukchan,RU,62.53,155.8,35.78,79,65,0.78,broken clouds
655,Pinawa,CA,50.15,-95.88,35.33,87,59,3.6,broken clouds
656,Batemans Bay,AU,-35.72,150.18,80.67,39,12,8.77,few clouds
657,Whyalla,AU,-33.03,137.58,60.8,93,90,17.22,light rain
658,Abashiri,JP,44.02,144.27,66.2,68,75,4.7,light rain
659,Traverse City,US,44.76,-85.62,44.6,87,90,4.7,light rain
660,Baruun-Urt,MN,46.68,113.28,42.6,59,1,11.83,clear sky
661,Pemangkat,ID,1.17,108.97,79.81,83,97,6.22,moderate rain
662,Kargasok,RU,59.06,80.86,39.34,73,98,12.39,overcast clouds
663,Arlit,NE,18.74,7.39,86.32,44,87,5.39,overcast clouds
664,Toamasina,MG,-18.17,49.38,75.2,88,75,4.7,broken clouds
665,Puerto Cabezas,NI,14.04,-83.39,79.07,85,74,2.59,broken clouds
666,Pangnirtung,CA,66.15,-65.71,25.36,93,79,1.43,broken clouds
667,Mwense,ZM,-10.38,28.7,82.71,27,0,6.69,clear sky
668,Oruro,BO,-17.98,-67.15,45.07,72,0,9.66,clear sky
669,Ngunguru,NZ,-35.62,174.5,62.01,60,0,5.99,clear sky
670,Champerico,GT,14.3,-91.92,66.99,97,100,10.71,overcast clouds
671,Vardo,NO,70.37,31.11,46.2,83,62,23.42,broken clouds
672,Salalah,OM,17.02,54.09,80.6,74,20,6.93,few clouds
673,Kudahuvadhoo,MV,2.67,72.89,83.57,70,96,10.54,overcast clouds
674,Novyy Urengoy,RU,66.08,76.63,34.05,87,100,23.38,overcast clouds
675,Hokitika,NZ,-42.72,170.97,56.48,88,69,6.62,broken clouds
676,Wagga Wagga,AU,-35.12,147.37,82.4,37,38,14.99,scattered clouds
677,Verkhniy Avzyan,RU,53.53,57.54,46.72,71,33,5.01,scattered clouds
678,Pangkalanbuun,ID,-2.68,111.62,92.88,44,96,7.38,overcast clouds
679,Tuensang,IN,26.28,94.83,80.37,77,75,2.15,moderate rain
680,Zirovnice,CZ,49.25,15.19,57.0,100,100,1.01,overcast clouds
681,Zavetnoye,RU,47.12,43.89,59.92,31,100,12.17,overcast clouds
682,Kapoeta,SS,4.77,33.59,79.21,62,59,1.66,broken clouds
683,Mizan Teferi,ET,6.98,35.58,66.65,74,99,3.18,light rain
684,Chitral,PK,35.85,71.79,70.29,24,0,5.17,clear sky
685,Eureka,US,40.8,-124.16,57.0,95,1,2.33,clear sky
686,Praia,CV,14.92,-23.51,77.0,73,75,9.17,broken clouds
687,Muskogee,US,35.58,-95.33,57.0,76,1,8.05,clear sky
688,Itabira,BR,-19.62,-43.23,65.79,68,11,3.65,few clouds
689,Marsabit,KE,2.33,37.99,68.94,63,34,19.08,scattered clouds
690,Guilin,CN,25.28,110.29,73.4,83,90,11.18,overcast clouds
691,Goderich,CA,43.75,-81.72,46.99,90,91,1.01,overcast clouds
692,Vestmannaeyjar,IS,63.44,-20.27,44.83,84,87,10.33,overcast clouds
693,Fairbanks,US,64.84,-147.72,46.4,75,90,0.96,overcast clouds
694,Westport,US,41.14,-73.36,51.8,76,1,5.82,clear sky
695,Les Cayes,HT,18.2,-73.75,78.08,85,71,7.36,broken clouds
696,Talaya,RU,61.38,152.75,39.6,70,69,1.43,broken clouds
